Method,MSE_train,MAE_train,R_2_train,MSE_val,MAE_val,R_2_val,MSE_pred,MAE_pred,R_2_pred
LR,0.3018402886333827,0.3931082945622037,0.9166821424344062,0.2806607072103743,0.3775285634156759,0.9226226804488566,1.3809031017847007,0.8930562892581965,0.592126277229563
LR_Ridge,0.3062581915491917,0.3907515634936752,0.9154626557729516,0.3022494510292479,0.37749136335386235,0.9166707281938208,1.3705070942987072,0.8880265485268305,0.5951969186596398
LR_Lasso,1.987942113051525,1.1823061058855169,0.4512625250466502,1.9683861318446232,1.1321235488294144,0.4573218166602322,2.84320741207813,1.312592262582401,0.1602092932704463
LR_Elastic,1.9879961896603944,1.1823293967728068,0.45124759812216375,1.9684348818758997,1.1321467174105329,0.457308376422068,2.8431867039982888,1.3125839873299074,0.1602154097616073
GAM,0.08976301142531946,0.18510415059786975,0.9752224534555842,0.12281082116511796,0.22025004951375246,0.9661414230439151,1.6036049788598192,0.9337426233921787,0.5263474086375546
RF,0.025783634835293882,0.08760684645021803,0.9928828678754029,0.14633479040743322,0.2102145692974002,0.9596559349139023,1.4005402541445429,0.8967508777528644,0.5863261031063625
AdaB,0.14779638573587467,0.26411734362397304,0.9592033314333066,0.2032454451354623,0.3036830152008754,0.94396583721364,1.47704154837803,0.9460627615228069,0.563730116729446
XGBoost,3.320430026528129e-06,0.0012267816532782656,0.9999990834519896,0.04834758256741356,0.10941876419773228,0.986670715744189,1.1268927240309137,0.8184181358957693,0.6671526554474572
