Method,MSE_train,MAE_train,R_2_train,MSE_val,MAE_val,R_2_val,MSE_pred,MAE_pred,R_2_pred
LR,0.10987499450652434,0.2395812213135346,0.8950794784969784,0.09878624335052505,0.22347659943195916,0.903112462169003,0.5063366387265754,0.540181429306081,0.4993323236103464
