Method,MSE_train,MAE_train,R_2_train,MSE_val,MAE_val,R_2_val,MSE_pred,MAE_pred,R_2_pred
LR,0.10987499450652434,0.2395812213135346,0.8950794784969784,0.09878624335052505,0.22347659943195916,0.903112462169003,0.5063366387265754,0.540181429306081,0.4993323236103464
GAM,0.019731128690534203,0.08817654091392105,0.9811585855239232,0.029678612016791305,0.1067468258623015,0.9708918210975469,0.47049959990846585,0.5075090653414257,0.5347681297152997
RF,0.009992226968505373,0.05035431842798031,0.9904583415979158,0.03242665901770632,0.09755371764911129,0.9681965925036448,0.43636474390027524,0.5027201777709344,0.5685208107073325
XGBoost,1.666098344480749e-06,0.0009398968384533818,0.9999984090292067,0.013894315457393001,0.055237970539827604,0.9863727380568844,0.39787341960434175,0.47473061677584916,0.6065811848190551
