Method,MSE_train,MAE_train,R_2_train,MSE_test,MAE_test,R_2_test,MSE_pred,MAE_pred,R_2_pred
LR,0.38485331713906507,0.42661356892472446,0.8937678134147774,0.3613153004975967,0.409385556459903,0.9003864497342559,1.5677779407079464,0.9552921243869683,0.5369295468107231
GAM,0.0910766156307872,0.18396193224469828,0.974859855445278,0.12559431078085428,0.20866950811747428,0.965374023262147,1.6782400367872434,0.9966812421277793,0.5043026475774175
RF,0.03027475760827992,0.07755982281476052,0.9916431701226495,0.12340373630374728,0.16113194565431008,0.965977958109317,1.330406262863139,0.8805845182829672,0.6070413959315614
XGBoost,1.1170989796878031e-05,0.0021141876404785435,0.9999969164390182,0.09893321239687998,0.12660823172282823,0.9727244085360462,1.3230510014543635,0.8724301262142344,0.6092139001781445
