Method,MSE_train,MAE_train,R_2_train,MSE_test,MAE_test,R_2_test,MSE_pred,MAE_pred,R_2_pred
LR,0.3566446033732904,0.4183412520844596,0.9015543471683947,0.3575697534666174,0.4173388082249322,0.9014190858748492,1.499346195976746,0.9277728362486106,0.5571420515426755
GAM,0.09107661563078731,0.183961932244698,0.9748598554452779,0.125594310780856,0.20866950811747684,0.9653740232621466,1.6782400367872428,0.9966812421277792,0.5043026475774177
RF,0.059473406385054335,0.12847434027113946,0.983583381713005,0.18271674527185733,0.23141016662745884,0.9496255385131347,1.4198710452479892,0.9067867453412,0.580616418102925
XGBoost,3.0676645606472213e-06,0.0012308260861041372,0.9999991532235804,0.10502904417574598,0.1433321263316916,0.9710438059031676,1.2879298268175967,0.8632268214730074,0.6195875492985317
