Method,MSE_train,MAE_train,R_2_train,MSE_test,MAE_test,R_2_test,MSE_pred,MAE_pred,R_2_pred
LR,0.3735502604928534,0.4151067327385054,0.8968878291952047,0.3705001946431121,0.40908445682927513,0.8978542018239409,1.5563501500103487,0.949146858400978,0.540304943338435
GAM,0.09107661563078748,0.18396193224470242,0.9748598554452779,0.12559431078085584,0.20866950811748095,0.9653740232621466,1.6782400367872368,0.9966812421277804,0.5043026475774195
RF,0.04754704225190569,0.1170157213954826,0.9868754508818363,0.16300972396854407,0.22737557142154463,0.9550587054852562,1.3556572592518326,0.8796258018481883,0.5995830754401319
XGBoost,4.312256499611861e-06,0.0013112590784970111,0.9999988096752278,0.09306333366408948,0.12309990618507027,0.9743427165883135,1.3483559831690812,0.8812017618344927,0.6017396341827386
