Method,MSE_train,MAE_train,R_2_train,MSE_test,MAE_test,R_2_test,MSE_pred,MAE_pred,R_2_pred
LR,0.384853317,0.426613569,0.893767813,0.3613153,0.409385556,0.90038645,1.567777941,0.955292124,0.536929547
GAM,0.091076616,0.183961932,0.974859855,0.125594311,0.208669508,0.965374023,1.678240037,0.996681242,0.504302648
RF,0.030274758,0.077559823,0.99164317,0.123403736,0.161131946,0.965977958,1.330406263,0.880584518,0.607041396
XGBoost,1.12E-05,0.002114188,0.999996916,0.098933212,0.126608232,0.972724409,1.323051001,0.872430126,0.6092139
